dex_num,internal_id,name,type1,type2,hp,atk,def,spatk,spdef,speed,ability1,ability2,hidden_ability,name_prefix,name_suffix
1,BULBASAUR,Bulbasaur,Grass,Poison,45,49,49,65,65,45,Overgrow,,Chlorophyll,Bulba,saur
2,IVYSAUR,Ivysaur,Grass,Poison,60,62,63,80,80,60,Overgrow,,Chlorophyll,Ivy,saur
3,VENUSAUR,Venusaur,Grass,Poison,80,82,83,100,100,80,Overgrow,,Chlorophyll,Venu,saur
4,CHARMANDER,Charmander,Fire,Fire,39,52,43,60,50,65,Blaze,,Solar Power,Char,mander
5,CHARMELEON,Charmeleon,Fire,Fire,58,64,58,80,65,80,Blaze,,Solar Power,Char,meleon
6,CHARIZARD,Charizard,Fire,Flying,78,84,78,109,85,100,Blaze,,Solar Power,Char,izard
7,SQUIRTLE,Squirtle,Water,Water,44,48,65,50,64,43,Torrent,,Rain Dish,Squirt,tle
8,WARTORTLE,Wartortle,Water,Water,59,63,80,65,80,58,Torrent,,Rain Dish,War,tortle
9,BLASTOISE,Blastoise,Water,Water,79,83,100,85,105,78,Torrent,,Rain Dish,Blast,toise
10,CATERPIE,Caterpie,Bug,Bug,45,30,35,20,20,45,Shield Dust,,Run Away,Cater,pie
11,METAPOD,Metapod,Bug,Bug,50,20,55,25,25,30,Shed Skin,,Shed Skin,Meta,pod
12,BUTTERFREE,Butterfree,Bug,Flying,60,45,50,80,80,70,Compound Eyes,,Tinted Lens,Butter,free
13,WEEDLE,Weedle,Bug,Poison,40,35,30,20,20,50,Shield Dust,,Run Away,Wee,dle
14,KAKUNA,Kakuna,Bug,Poison,45,25,50,25,25,35,Shed Skin,,Shed Skin,Kak,una
15,BEEDRILL,Beedrill,Bug,Poison,65,80,40,45,80,75,Swarm,,Sniper,Bee,drill
16,PIDGEY,Pidgey,Normal,Flying,40,45,40,35,35,56,Tangled Feet,Keen Eye,Big Pecks,Pid,gey
17,PIDGEOTTO,Pidgeotto,Normal,Flying,63,60,55,50,50,71,Tangled Feet,Keen Eye,Big Pecks,Pidge,otto
18,PIDGEOT,Pidgeot,Normal,Flying,83,80,75,70,70,91,Tangled Feet,Keen Eye,Big Pecks,Pid,geot
19,RATTATA,Rattata,Normal,Normal,30,56,35,25,35,72,Run Away,Guts,Hustle,Rat,tata
20,RATICATE,Raticate,Normal,Normal,55,81,60,50,70,97,Run Away,Guts,Hustle,Rat,icate
21,SPEAROW,Spearow,Normal,Flying,40,60,30,31,31,70,Keen Eye,,Sniper,Spear,row
22,FEAROW,Fearow,Normal,Flying,65,90,65,61,61,100,Keen Eye,,Sniper,Fear,row
23,EKANS,Ekans,Poison,Poison,35,60,44,40,54,55,Shed Skin,Intimidate,Unnerve,Ek,ans
24,ARBOK,Arbok,Poison,Poison,60,85,69,65,79,80,Shed Skin,Intimidate,Unnerve,Ar,bok
25,PIKACHU,Pikachu,Electric,Electric,35,55,30,50,40,90,Static,,Lightning Rod,Pika,chu
26,RAICHU,Raichu,Electric,Electric,60,90,55,90,80,100,Static,,Lightning Rod,Rai,chu
27,SANDSHREW,Sandshrew,Ground,Ground,50,75,85,20,30,40,Sand Veil,,Sand Rush,Sand,shrew
28,SANDSLASH,Sandslash,Ground,Ground,75,100,110,45,55,65,Sand Veil,,Sand Rush,Sand,slash
29,NIDORANfE,Nidoran,Poison,Poison,55,47,52,40,40,41,Poison Point,Rivalry,Hustle,Nido,ran
30,NIDORINA,Nidorina,Poison,Poison,70,62,67,55,55,56,Poison Point,Rivalry,Hustle,Nido,rina
31,NIDOQUEEN,Nidoqueen,Poison,Ground,90,82,87,75,85,76,Poison Point,Rivalry,Sheer Force,Nido,queen
32,NIDORANmA,Nidoran,Poison,Poison,46,57,40,40,40,50,Poison Point,Rivalry,Hustle,Nido,ran
33,NIDORINO,Nidorino,Poison,Poison,61,72,57,55,55,65,Poison Point,Rivalry,Hustle,Nido,rino
34,NIDOKING,Nidoking,Poison,Ground,81,92,77,85,75,85,Poison Point,Rivalry,Sheer Force,Nido,king
35,CLEFAIRY,Clefairy,Fairy,Fairy,70,45,48,60,65,35,Magic Guard,Cute Charm,Friend Guard,Clef,fairy
36,CLEFABLE,Clefable,Fairy,Fairy,95,70,73,85,90,60,Magic Guard,Cute Charm,Unaware,Clef,fable
37,VULPIX,Vulpix,Fire,Fire,38,41,40,50,65,65,Flash Fire,,Drought,Vul,pix
38,NINETALES,Ninetales,Fire,Fire,73,76,75,81,100,100,Flash Fire,,Drought,Nine,tales
39,JIGGLYPUFF,Jigglypuff,Normal,Fairy,115,45,20,45,25,20,Cute Charm,,Friend Guard,Jiggly,puff
40,WIGGLYTUFF,Wigglytuff,Normal,Fairy,140,70,45,75,50,45,Cute Charm,,Frisk,Wiggly,tuff
41,ZUBAT,Zubat,Poison,Flying,40,45,35,30,40,55,Inner Focus,,Infiltrator,Zu,bat
42,GOLBAT,Golbat,Poison,Flying,75,80,70,65,75,90,Inner Focus,,Infiltrator,Gol,bat
43,ODDISH,Oddish,Grass,Poison,45,50,55,75,65,30,Chlorophyll,,Run Away,Odd,ish
44,GLOOM,Gloom,Grass,Poison,60,65,70,85,75,40,Chlorophyll,,Stench,Gloo,oom
45,VILEPLUME,Vileplume,Grass,Poison,75,80,85,100,90,50,Chlorophyll,,Effect Spore,Vile,plume
46,PARAS,Paras,Bug,Grass,35,70,55,45,55,25,Effect Spore,Dry Skin,Damp,Pa,ras
47,PARASECT,Parasect,Bug,Grass,60,95,80,60,80,30,Effect Spore,Dry Skin,Damp,Para,sect
48,VENONAT,Venonat,Bug,Poison,60,55,50,40,55,45,Compound Eyes,Tinted Lens,Run Away,Veno,nat
49,VENOMOTH,Venomoth,Bug,Poison,70,65,60,90,75,90,Shield Dust,Tinted Lens,Wonder Skin,Veno,moth
50,DIGLETT,Diglett,Ground,Ground,10,55,25,35,45,95,Arena Trap,Sand Veil,Sand Force,Dig,lett
51,DUGTRIO,Dugtrio,Ground,Ground,35,80,50,50,70,120,Arena Trap,Sand Veil,Sand Force,Dug,trio
52,MEOWTH,Meowth,Normal,Normal,40,45,35,40,40,90,Pickup,Technician,Unnerve,Meow,th
53,PERSIAN,Persian,Normal,Normal,65,70,60,65,65,115,Limber,Technician,Unnerve,Per,sian
54,PSYDUCK,Psyduck,Water,Water,50,52,48,65,50,55,Damp,Cloud Nine,Swift Swim,Psy,duck
55,GOLDUCK,Golduck,Water,Water,80,82,78,95,80,85,Damp,Cloud Nine,Swift Swim,Gol,duck
56,MANKEY,Mankey,Fighting,Fighting,40,80,35,35,45,70,Vital Spirit,Anger Point,Defiant,Man,key
57,PRIMEAPE,Primeape,Fighting,Fighting,65,105,60,60,70,95,Vital Spirit,Anger Point,Defiant,Prime,ape
58,GROWLITHE,Growlithe,Fire,Fire,55,70,45,70,50,60,Flash Fire,Intimidate,Justified,Growl,lithe
59,ARCANINE,Arcanine,Fire,Fire,90,110,80,100,80,95,Flash Fire,Intimidate,Justified,Arca,nine
60,POLIWAG,Poliwag,Water,Water,40,50,40,40,40,90,Water Absorb,Damp,Swift Swim,Poli,wag
61,POLIWHIRL,Poliwhirl,Water,Water,65,65,65,50,50,90,Water Absorb,Damp,Swift Swim,Poli,whirl
62,POLIWRATH,Poliwrath,Water,Fighting,90,85,95,70,90,70,Water Absorb,Damp,Swift Swim,Poli,wrath
63,ABRA,Abra,Psychic,Psychic,25,20,15,105,55,90,Synchronize,Inner Focus,Magic Guard,Ab,ra
64,KADABRA,Kadabra,Psychic,Psychic,40,35,30,120,70,105,Synchronize,Inner Focus,Magic Guard,Kada,bra
65,ALAKAZAM,Alakazam,Psychic,Psychic,55,50,45,135,85,120,Synchronize,Inner Focus,Magic Guard,Ala,kazam
66,MACHOP,Machop,Fighting,Fighting,70,80,50,35,35,35,No Guard,Guts,Steadfast,Ma,chop
67,MACHOKE,Machoke,Fighting,Fighting,80,100,70,50,60,45,No Guard,Guts,Steadfast,Ma,choke
68,MACHAMP,Machamp,Fighting,Fighting,90,130,80,65,85,55,No Guard,Guts,Steadfast,Ma,champ
69,BELLSPROUT,Bellsprout,Grass,Poison,50,75,35,70,30,40,Chlorophyll,,Gluttony,Bell,sprout
70,WEEPINBELL,Weepinbell,Grass,Poison,65,90,50,85,45,55,Chlorophyll,,Gluttony,Weepin,bell
71,VICTREEBEL,Victreebel,Grass,Poison,80,105,65,100,60,70,Chlorophyll,,Gluttony,Victree,bell
72,TENTACOOL,Tentacool,Water,Poison,40,40,35,50,100,70,Clear Body,Liquid Ooze,Rain Dish,Tenta,cool
73,TENTACRUEL,Tentacruel,Water,Poison,80,70,65,80,120,100,Clear Body,Liquid Ooze,Rain Dish,Tenta,cruel
74,GEODUDE,Geodude,Rock,Ground,40,80,100,30,30,20,Sturdy,Rock Head,Sand Veil,Geo,dude
75,GRAVELER,Graveler,Rock,Ground,55,95,115,45,45,35,Sturdy,Rock Head,Sand Veil,Grave,ler
76,GOLEM,Golem,Rock,Ground,80,110,130,55,65,45,Sturdy,Rock Head,Sand Veil,Go,lem
77,PONYTA,Ponyta,Fire,Fire,50,85,55,65,65,90,Run Away,Flash Fire,Flame Body,Pony,ta
78,RAPIDASH,Rapidash,Fire,Fire,65,100,70,80,80,105,Run Away,Flash Fire,Flame Body,Rapi,dash
79,SLOWPOKE,Slowpoke,Water,Psychic,90,65,65,40,40,15,Oblivious,Own Tempo,Regenerator,Slow,poke
80,SLOWBRO,Slowbro,Water,Psychic,95,75,110,100,80,30,Oblivious,Own Tempo,Regenerator,Slow,bro
81,MAGNEMITE,Magnemite,Steel,Electric,25,35,70,95,55,45,Magnet Pull,Sturdy,Analytic,Magne,mite
82,MAGNETON,Magneton,Steel,Electric,50,60,95,120,70,70,Magnet Pull,Sturdy,Analytic,Magne,ton
83,FARFETCHD,Farfetch'd,Normal,Flying,52,65,55,58,62,60,Inner Focus,Keen Eye,Defiant,Far,fetchd
84,DODUO,Doduo,Normal,Flying,35,85,45,35,35,75,Run Away,Early Bird,Tangled Feet,Do,duo
85,DODRIO,Dodrio,Normal,Flying,60,110,70,60,60,100,Run Away,Early Bird,Tangled Feet,Do,drio
86,SEEL,Seel,Water,Water,65,45,55,45,70,45,Thick Fat,Hydration,Ice Body,See,eel
87,DEWGONG,Dewgong,Water,Ice,90,70,80,70,95,70,Thick Fat,Hydration,Ice Body,Dew,gong
88,GRIMER,Grimer,Poison,Poison,80,80,50,40,50,25,Stench,Sticky Hold,Poison Touch,Gri,mer
89,MUK,Muk,Poison,Poison,105,105,75,65,100,50,Stench,Sticky Hold,Poison Touch,Mu,uk
90,SHELLDER,Shellder,Water,Water,30,65,100,45,25,40,Shell Armor,Skill Link,Overcoat,Shell,der
91,CLOYSTER,Cloyster,Water,Ice,50,95,180,85,45,70,Shell Armor,Skill Link,Overcoat,Cloy,ster
92,GASTLY,Gastly,Ghost,Poison,30,35,30,100,35,80,Levitate,,Levitate,Gas,tly
93,HAUNTER,Haunter,Ghost,Poison,45,50,45,115,55,95,Levitate,,Levitate,Haun,ter
94,GENGAR,Gengar,Ghost,Poison,60,65,60,130,75,110,Levitate,,Levitate,Gen,gar
95,ONIX,Onix,Rock,Ground,35,45,160,30,45,70,Sturdy,Rock Head,Weak Armor,On,nix
96,DROWZEE,Drowzee,Psychic,Psychic,60,48,45,43,90,42,Insomnia,Forewarn,Inner Focus,Drow,zee
97,HYPNO,Hypno,Psychic,Psychic,85,73,70,73,115,67,Insomnia,Forewarn,Inner Focus,Hyp,no
98,KRABBY,Krabby,Water,Water,30,105,90,25,25,50,Shell Armor,Hyper Cutter,Sheer Force,Krab,by
99,KINGLER,Kingler,Water,Water,55,130,115,50,50,75,Shell Armor,Hyper Cutter,Sheer Force,King,ler
100,VOLTORB,Voltorb,Electric,Electric,40,30,50,55,55,100,Static,Soundproof,Aftermath,Volt,orb
101,ELECTRODE,Electrode,Electric,Electric,60,50,70,80,80,140,Static,Soundproof,Aftermath,Electr,ode
102,EXEGGCUTE,Exeggcute,Grass,Psychic,60,40,80,60,45,40,Chlorophyll,,Harvest,Exegg,cute
103,EXEGGUTOR,Exeggutor,Grass,Psychic,95,95,85,125,65,55,Chlorophyll,,Harvest,Exeggu,tor
104,CUBONE,Cubone,Ground,Ground,50,50,95,40,50,35,Lightning Rod,Rock Head,Battle Armor,Cu,bone
105,MAROWAK,Marowak,Ground,Ground,60,80,110,50,80,45,Lightning Rod,Rock Head,Battle Armor,Maro,wak
106,HITMONLEE,Hitmonlee,Fighting,Fighting,50,120,53,35,110,87,Limber,Reckless,Unburden,Hitmon,lee
107,HITMONCHAN,Hitmonchan,Fighting,Fighting,50,105,79,35,110,76,Iron Fist,Keen Eye,Inner Focus,Hitmon,chan
108,LICKITUNG,Lickitung,Normal,Normal,90,55,75,60,75,30,Own Tempo,Oblivious,Cloud Nine,Licki,tung
109,KOFFING,Koffing,Poison,Poison,40,65,95,60,45,35,Levitate,,Stench,Koff,fing
110,WEEZING,Weezing,Poison,Poison,65,90,120,85,70,60,Levitate,,Stench,Wee,zing
111,RHYHORN,Rhyhorn,Ground,Rock,80,85,95,30,30,25,Lightning Rod,Rock Head,Reckless,Rhy,horn
112,RHYDON,Rhydon,Ground,Rock,105,130,120,45,45,40,Lightning Rod,Rock Head,Reckless,Rhy,don
113,CHANSEY,Chansey,Normal,Normal,250,5,5,35,105,50,Natural Cure,Serene Grace,Healer,Chan,sey
114,TANGELA,Tangela,Grass,Grass,65,55,115,100,40,60,Chlorophyll,Leaf Guard,Regenerator,Tan,gela
115,KANGASKHAN,Kangaskhan,Normal,Normal,105,95,80,40,80,90,Early Bird,Scrappy,Inner Focus,Kangas,khan
116,HORSEA,Horsea,Water,Water,30,40,70,70,25,60,Swift Swim,Sniper,Damp,Hor,sea
117,SEADRA,Seadra,Water,Water,55,65,95,95,45,85,Poison Point,Sniper,Damp,Sea,dra
118,GOLDEEN,Goldeen,Water,Water,45,67,60,35,50,63,Swift Swim,Water Veil,Lightning Rod,Gol,deen
119,SEAKING,Seaking,Water,Water,80,92,65,65,80,68,Swift Swim,Water Veil,Lightning Rod,Sea,king
120,STARYU,Staryu,Water,Water,30,45,55,70,55,85,Illuminate,Natural Cure,Analytic,Star,yu
121,STARMIE,Starmie,Water,Psychic,60,75,85,100,85,115,Illuminate,Natural Cure,Analytic,Star,mie
122,MRMIME,Mr. Mime,Psychic,Fairy,40,45,65,100,120,90,Soundproof,Filter,Technician,Mr. ,mime
123,SCYTHER,Scyther,Bug,Flying,70,110,80,55,80,105,Swarm,Technician,Steadfast,Scy,ther
124,JYNX,Jynx,Ice,Psychic,65,50,35,115,95,95,Oblivious,Forewarn,Dry Skin,Jyn,nx
125,ELECTABUZZ,Electabuzz,Electric,Electric,65,83,57,95,85,105,Static,,Vital Spirit,Electa,buzz
126,MAGMAR,Magmar,Fire,Fire,65,95,57,100,85,93,Flame Body,,Vital Spirit,Mag,mar
127,PINSIR,Pinsir,Bug,Bug,65,125,100,55,70,85,Hyper Cutter,Mold Breaker,Moxie,Pin,sir
128,TAUROS,Tauros,Normal,Normal,75,100,95,40,70,110,Intimidate,Anger Point,Sheer Force,Tau,ros
129,MAGIKARP,Magikarp,Water,Water,20,10,55,15,20,80,Swift Swim,,Rattled,Magi,karp
130,GYARADOS,Gyarados,Water,Flying,95,125,79,60,100,81,Intimidate,,Moxie,Gyara,dos
131,LAPRAS,Lapras,Water,Ice,130,85,80,85,95,60,Shell Armor,Water Absorb,Hydration,Lap,ras
132,DITTO,Ditto,Normal,Normal,48,48,48,48,48,48,Limber,,Imposter,Dit,to
133,EEVEE,Eevee,Normal,Normal,55,55,50,45,65,55,Run Away,Adaptability,Anticipation,Ee,vee
134,VAPOREON,Vaporeon,Water,Water,130,65,60,110,95,65,Water Absorb,,Hydration,Vapor,eon
135,JOLTEON,Jolteon,Electric,Electric,65,65,60,110,95,130,Volt Absorb,,Quick Feet,Jolt,eon
136,FLAREON,Flareon,Fire,Fire,65,130,60,95,110,65,Flash Fire,,Guts,Fla,reon
137,PORYGON,Porygon,Normal,Normal,65,60,70,85,75,40,Trace,Download,Analytic,Pory,gon
138,OMANYTE,Omanyte,Rock,Water,35,40,100,90,55,35,Swift Swim,Shell Armor,Weak Armor,Oma,nyte
139,OMASTAR,Omastar,Rock,Water,70,60,125,115,70,55,Swift Swim,Shell Armor,Weak Armor,Oma,star
140,KABUTO,Kabuto,Rock,Water,30,80,90,55,45,55,Swift Swim,Battle Armor,Weak Armor,Kabu,to
141,KABUTOPS,Kabutops,Rock,Water,60,115,105,65,70,80,Swift Swim,Battle Armor,Weak Armor,Kabu,tops
142,AERODACTYL,Aerodactyl,Rock,Flying,80,105,65,60,75,130,Pressure,Rock Head,Unnerve,Aero,dactyl
143,SNORLAX,Snorlax,Normal,Normal,160,110,65,65,110,30,Thick Fat,Immunity,Gluttony,Snor,lax
144,ARTICUNO,Articuno,Ice,Flying,90,85,100,95,125,85,Pressure,,Snow Cloak,Arti,cuno
145,ZAPDOS,Zapdos,Electric,Flying,90,90,85,125,90,100,Pressure,,Lightning Rod,Zap,dos
146,MOLTRES,Moltres,Fire,Flying,90,100,90,125,85,90,Pressure,,Flame Body,Mol,tres
147,DRATINI,Dratini,Dragon,Dragon,41,64,45,50,50,50,Shed Skin,,Marvel Scale,Dra,tini
148,DRAGONAIR,Dragonair,Dragon,Dragon,61,84,65,70,70,70,Shed Skin,,Marvel Scale,Drago,nair
149,DRAGONITE,Dragonite,Dragon,Flying,91,134,95,100,100,80,Inner Focus,,Multiscale,Drago,nite
150,MEWTWO,Mewtwo,Psychic,Psychic,106,110,90,154,90,130,Pressure,,Immunity,Mew,two
151,MEW,Mew,Psychic,Psychic,100,100,100,100,100,100,Synchronize,,Synchronize,Mew,ew
152,CHIKORITA,Chikorita,Grass,Grass,45,49,65,49,65,45,Overgrow,,Leaf Guard,Chiko,rita
153,BAYLEEF,Bayleef,Grass,Grass,60,62,80,63,80,60,Overgrow,,Leaf Guard,Bay,leef
154,MEGANIUM,Meganium,Grass,Grass,80,82,100,83,100,80,Overgrow,,Leaf Guard,Mega,nium
155,CYNDAQUIL,Cyndaquil,Fire,Fire,39,52,43,60,50,65,Blaze,,Flash Fire,Cynda,quil
156,QUILAVA,Quilava,Fire,Fire,58,64,58,80,65,80,Blaze,,Flash Fire,Qui,lava
157,TYPHLOSION,Typhlosion,Fire,Fire,78,84,78,109,85,100,Blaze,,Flash Fire,Typh,losion
158,TOTODILE,Totodile,Water,Water,50,65,64,44,48,43,Torrent,,Sheer Force,Toto,dile
159,CROCONAW,Croconaw,Water,Water,65,80,80,59,63,58,Torrent,,Sheer Force,Croco,naw
160,FERALIGATR,Feraligatr,Water,Water,85,105,100,79,83,78,Torrent,,Sheer Force,Fera,ligatr
161,SENTRET,Sentret,Normal,Normal,35,46,34,35,45,20,Run Away,Keen Eye,Frisk,Sen,tret
162,FURRET,Furret,Normal,Normal,85,76,64,45,55,90,Run Away,Keen Eye,Frisk,Fur,ret
163,HOOTHOOT,Hoothoot,Normal,Flying,60,30,30,36,56,50,Insomnia,Keen Eye,Tinted Lens,Hoot,hoot
164,NOCTOWL,Noctowl,Normal,Flying,100,50,50,76,96,70,Insomnia,Keen Eye,Tinted Lens,Noct,owl
165,LEDYBA,Ledyba,Bug,Flying,40,20,30,40,80,55,Swarm,Early Bird,Rattled,Ledy,ba
166,LEDIAN,Ledian,Bug,Flying,55,35,50,55,110,85,Swarm,Early Bird,Iron Fist,Led,ian
167,SPINARAK,Spinarak,Bug,Poison,40,60,40,40,40,30,Swarm,Insomnia,Sniper,Spina,rak
168,ARIADOS,Ariados,Bug,Poison,70,90,70,60,60,40,Swarm,Insomnia,Sniper,Aria,dos
169,CROBAT,Crobat,Poison,Flying,85,90,80,70,80,130,Inner Focus,,Infiltrator,Cro,bat
170,CHINCHOU,Chinchou,Water,Electric,75,38,38,56,56,67,Illuminate,Volt Absorb,Water Absorb,Chin,chou
171,LANTURN,Lanturn,Water,Electric,125,58,58,76,76,67,Illuminate,Volt Absorb,Water Absorb,Lan,turn
172,PICHU,Pichu,Electric,Electric,20,40,15,35,35,60,Static,,Lightning Rod,Pi,chu
173,CLEFFA,Cleffa,Fairy,Fairy,50,25,28,45,55,15,Magic Guard,Cute Charm,Friend Guard,Clef,fa
174,IGGLYBUFF,Igglybuff,Normal,Fairy,90,30,15,40,20,15,Cute Charm,,Friend Guard,Iggly,buff
175,TOGEPI,Togepi,Fairy,Fairy,35,20,65,40,65,20,Hustle,Serene Grace,Super Luck,Toge,pi
176,TOGETIC,Togetic,Fairy,Flying,55,40,85,80,105,40,Hustle,Serene Grace,Super Luck,Toge,tic
177,NATU,Natu,Psychic,Flying,40,50,45,70,45,70,Synchronize,Early Bird,Magic Bounce,Na,tu
178,XATU,Xatu,Psychic,Flying,65,75,70,95,70,95,Synchronize,Early Bird,Magic Bounce,Xa,tu
179,MAREEP,Mareep,Electric,Electric,55,40,40,65,45,35,Static,,Plus,Ma,reep
180,FLAAFFY,Flaaffy,Electric,Electric,70,55,55,80,60,45,Static,,Plus,Flaa,ffy
181,AMPHAROS,Ampharos,Electric,Electric,90,75,75,115,90,55,Static,,Plus,Ampha,ros
182,BELLOSSOM,Bellossom,Grass,Grass,75,80,85,90,100,50,Chlorophyll,,Healer,Bell,ossom
183,MARILL,Marill,Water,Fairy,70,20,50,20,50,40,Huge Power,Thick Fat,Sap Sipper,Ma,rill
184,AZUMARILL,Azumarill,Water,Fairy,100,50,80,50,80,50,Huge Power,Thick Fat,Sap Sipper,Azuma,rill
185,SUDOWOODO,Sudowoodo,Rock,Rock,70,100,115,30,65,30,Sturdy,Rock Head,Rattled,Sudo,woodo
186,POLITOED,Politoed,Water,Water,90,75,75,90,100,70,Water Absorb,Damp,Drizzle,Poli,toed
187,HOPPIP,Hoppip,Grass,Flying,35,35,40,35,55,50,Chlorophyll,Leaf Guard,Infiltrator,Hop,pip
188,SKIPLOOM,Skiploom,Grass,Flying,55,45,50,45,65,80,Chlorophyll,Leaf Guard,Infiltrator,Skip,loom
189,JUMPLUFF,Jumpluff,Grass,Flying,75,55,70,55,85,110,Chlorophyll,Leaf Guard,Infiltrator,Jump,luff
190,AIPOM,Aipom,Normal,Normal,55,70,55,40,55,85,Run Away,Pickup,Skill Link,Ai,pom
191,SUNKERN,Sunkern,Grass,Grass,30,30,30,30,30,30,Chlorophyll,Solar Power,Early Bird,Sun,kern
192,SUNFLORA,Sunflora,Grass,Grass,75,75,55,105,85,30,Chlorophyll,Solar Power,Early Bird,Sun,flora
193,YANMA,Yanma,Bug,Flying,65,65,45,75,45,95,Speed Boost,Compound Eyes,Frisk,Yan,ma
194,WOOPER,Wooper,Water,Ground,55,45,45,25,25,15,Damp,Water Absorb,Unaware,Woo,per
195,QUAGSIRE,Quagsire,Water,Ground,95,85,85,65,65,35,Damp,Water Absorb,Unaware,Quag,sire
196,ESPEON,Espeon,Psychic,Psychic,65,65,60,130,95,110,Synchronize,,Magic Bounce,Esp,eon
197,UMBREON,Umbreon,Dark,Dark,95,65,110,60,130,65,Synchronize,,Inner Focus,Umb,reon
198,MURKROW,Murkrow,Dark,Flying,60,85,42,85,42,91,Super Luck,Insomnia,Prankster,Mur,krow
199,SLOWKING,Slowking,Water,Psychic,95,75,80,100,110,30,Oblivious,Own Tempo,Regenerator,Slow,king
200,MISDREAVUS,Misdreavus,Ghost,Ghost,60,60,60,85,85,85,Levitate,,Levitate,Mis,dreavus
201,UNOWN,Unown,Psychic,Psychic,48,72,48,72,48,48,Levitate,,Mummy,Un,own
202,WOBBUFFET,Wobbuffet,Psychic,Psychic,190,33,58,33,58,33,Shadow Tag,,Telepathy,Wob,buffet
203,GIRAFARIG,Girafarig,Normal,Psychic,70,80,65,90,65,85,Inner Focus,Early Bird,Sap Sipper,Gira,farig
204,PINECO,Pineco,Bug,Bug,50,65,90,35,35,15,Sturdy,,Overcoat,Pine,co
205,FORRETRESS,Forretress,Bug,Steel,75,90,140,60,60,40,Sturdy,,Overcoat,Forre,tress
206,DUNSPARCE,Dunsparce,Normal,Normal,100,70,70,65,65,45,Run Away,Serene Grace,Rattled,Dun,sparce
207,GLIGAR,Gligar,Ground,Flying,65,75,105,35,65,85,Hyper Cutter,Sand Veil,Immunity,Gli,gar
208,STEELIX,Steelix,Steel,Ground,75,85,200,55,65,30,Sturdy,Rock Head,Sheer Force,Stee,lix
209,SNUBBULL,Snubbull,Fairy,Fairy,60,80,50,40,40,30,Run Away,Intimidate,Rattled,Snub,bull
210,GRANBULL,Granbull,Fairy,Fairy,90,120,75,60,60,45,Quick Feet,Intimidate,Rattled,Gran,bull
211,QWILFISH,Qwilfish,Water,Poison,65,95,75,55,55,85,Poison Point,Swift Swim,Intimidate,Qwil,fish
212,SCIZOR,Scizor,Bug,Steel,70,130,100,55,80,65,Swarm,Technician,Light Metal,Sci,zor
213,SHUCKLE,Shuckle,Bug,Rock,20,10,230,10,230,5,Sturdy,Gluttony,Contrary,Shu,ckle
214,HERACROSS,Heracross,Bug,Fighting,80,125,75,40,95,85,Swarm,Guts,Moxie,Hera,cross
215,SNEASEL,Sneasel,Dark,Ice,55,95,55,35,75,115,Inner Focus,Keen Eye,Pickpocket,Snea,sel
216,TEDDIURSA,Teddiursa,Normal,Normal,60,80,50,50,50,40,Quick Feet,Pickup,Honey Gather,Teddi,ursa
217,URSARING,Ursaring,Normal,Normal,90,130,75,75,75,55,Quick Feet,Guts,Unnerve,Ursa,ring
218,SLUGMA,Slugma,Fire,Fire,40,40,40,70,40,20,Magma Armor,Flame Body,Weak Armor,Slug,gma
219,MAGCARGO,Magcargo,Fire,Rock,50,50,120,80,80,30,Magma Armor,Flame Body,Weak Armor,Mag,cargo
220,SWINUB,Swinub,Ice,Ground,50,50,40,30,30,50,Oblivious,Snow Cloak,Thick Fat,Swi,nub
221,PILOSWINE,Piloswine,Ice,Ground,100,100,80,60,60,50,Oblivious,Snow Cloak,Thick Fat,Pilo,swine
222,CORSOLA,Corsola,Water,Rock,55,55,85,65,85,35,Hustle,Natural Cure,Regenerator,Cor,sola
223,REMORAID,Remoraid,Water,Water,35,65,35,65,35,65,Hustle,Sniper,Moody,Remo,raid
224,OCTILLERY,Octillery,Water,Water,75,105,75,105,75,45,Suction Cups,Sniper,Moody,Octi,llery
225,DELIBIRD,Delibird,Ice,Flying,45,55,45,65,45,75,Vital Spirit,Hustle,Snow Warning,Deli,bird
226,MANTINE,Mantine,Water,Flying,65,40,70,80,140,70,Swift Swim,Water Absorb,Water Veil,Man,tine
227,SKARMORY,Skarmory,Steel,Flying,65,80,140,40,70,70,Keen Eye,Sturdy,Weak Armor,Skar,mory
228,HOUNDOUR,Houndour,Dark,Fire,45,60,30,80,50,65,Early Bird,Flash Fire,Unnerve,Houn,dour
229,HOUNDOOM,Houndoom,Dark,Fire,75,90,50,110,80,95,Early Bird,Flash Fire,Unnerve,Houn,doom
230,KINGDRA,Kingdra,Water,Dragon,75,95,95,95,95,85,Swift Swim,Sniper,Damp,King,dra
231,PHANPY,Phanpy,Ground,Ground,90,60,60,40,40,40,Pickup,,Sand Veil,Phan,py
232,DONPHAN,Donphan,Ground,Ground,90,120,120,60,60,50,Sturdy,,Sand Veil,Don,phan
233,PORYGON2,Porygon2,Normal,Normal,85,80,90,105,95,60,Trace,Download,Analytic,Pory,gon2
234,STANTLER,Stantler,Normal,Normal,73,95,62,85,65,85,Intimidate,Frisk,Sap Sipper,Stan,tler
235,SMEARGLE,Smeargle,Normal,Normal,55,20,35,20,45,75,Own Tempo,Technician,Moody,Smear,gle
236,TYROGUE,Tyrogue,Fighting,Fighting,35,35,35,35,35,35,Guts,Steadfast,Vital Spirit,Ty,rogue
237,HITMONTOP,Hitmontop,Fighting,Fighting,50,95,95,35,110,70,Intimidate,Technician,Steadfast,Hitmon,top
238,SMOOCHUM,Smoochum,Ice,Psychic,45,30,15,85,65,65,Oblivious,Forewarn,Hydration,Smoo,chum
239,ELEKID,Elekid,Electric,Electric,45,63,37,65,55,95,Static,,Vital Spirit,Ele,kid
240,MAGBY,Magby,Fire,Fire,45,75,37,70,55,83,Flame Body,,Vital Spirit,Mag,by
241,MILTANK,Miltank,Normal,Normal,95,80,105,40,70,100,Thick Fat,Scrappy,Sap Sipper,Mil,tank
242,BLISSEY,Blissey,Normal,Normal,255,10,10,75,135,55,Natural Cure,Serene Grace,Healer,Blis,sey
243,RAIKOU,Raikou,Electric,Electric,90,85,75,115,100,115,Pressure,,Volt Absorb,Rai,kou
244,ENTEI,Entei,Fire,Fire,115,115,85,90,75,100,Pressure,,Flash Fire,En,tei
245,SUICUNE,Suicune,Water,Water,100,75,115,90,115,85,Pressure,,Water Absorb,Sui,cune
246,LARVITAR,Larvitar,Rock,Ground,50,64,50,45,50,41,Guts,,Sand Veil,Larvi,tar
247,PUPITAR,Pupitar,Rock,Ground,70,84,70,65,70,51,Shed Skin,,Shed Skin,Pupi,tar
248,TYRANITAR,Tyranitar,Rock,Dark,100,134,110,95,100,61,Sand Stream,,Unnerve,Tyran,itar
249,LUGIA,Lugia,Psychic,Flying,106,90,130,90,154,110,Pressure,,Multiscale,Lu,gia
250,HOOH,Ho-Oh,Fire,Flying,106,130,90,110,154,90,Pressure,,Regenerator,Ho-,oh
251,CELEBI,Celebi,Psychic,Grass,100,100,100,100,100,100,Natural Cure,,Natural Cure,Cele,bi
252,AZURILL,Azurill,Normal,Fairy,50,20,40,20,40,20,Huge Power,Thick Fat,Sap Sipper,Azu,rill
253,WYNAUT,Wynaut,Psychic,Psychic,95,23,48,23,48,23,Shadow Tag,,Telepathy,Wy,naut
254,AMBIPOM,Ambipom,Normal,Normal,75,100,66,60,66,115,Technician,Pickup,Skill Link,Ambi,pom
255,MISMAGIUS,Mismagius,Ghost,Ghost,60,60,60,105,105,105,Levitate,,Levitate,Mis,magius
256,HONCHKROW,Honchkrow,Dark,Flying,100,125,52,105,52,71,Super Luck,Insomnia,Moxie,Honch,krow
257,BONSLY,Bonsly,Rock,Rock,50,80,95,10,45,10,Sturdy,Rock Head,Rattled,Bon,sly
258,MIMEJR,Mime Jr.,Psychic,Fairy,20,25,45,70,90,60,Soundproof,Filter,Technician,Mime, Jr.
259,HAPPINY,Happiny,Normal,Normal,100,5,5,15,65,30,Natural Cure,Serene Grace,Friend Guard,Happi,piny
260,MUNCHLAX,Munchlax,Normal,Normal,135,85,40,40,85,5,Pickup,Thick Fat,Gluttony,Munch,lax
261,MANTYKE,Mantyke,Water,Flying,45,20,50,60,120,50,Swift Swim,Water Absorb,Water Veil,Man,tyke
262,WEAVILE,Weavile,Dark,Ice,70,120,65,45,85,125,Pressure,,Pickpocket,Weav,vile
263,MAGNEZONE,Magnezone,Steel,Electric,70,70,115,130,90,60,Magnet Pull,Sturdy,Analytic,Magne,zone
264,LICKILICKY,Lickilicky,Normal,Normal,110,85,95,80,95,50,Own Tempo,Oblivious,Cloud Nine,Licki,licky
265,RHYPERIOR,Rhyperior,Ground,Rock,115,140,130,55,55,40,Lightning Rod,Solid Rock,Reckless,Rhy,perior
266,TANGROWTH,Tangrowth,Grass,Grass,100,100,125,110,50,50,Chlorophyll,Leaf Guard,Regenerator,Tan,growth
267,ELECTIVIRE,Electivire,Electric,Electric,75,123,67,95,85,95,Motor Drive,,Vital Spirit,Electi,vire
268,MAGMORTAR,Magmortar,Fire,Fire,75,95,67,125,95,83,Flame Body,,Vital Spirit,Magmor,mortar
269,TOGEKISS,Togekiss,Fairy,Flying,85,50,95,120,115,80,Hustle,Serene Grace,Super Luck,Toge,kiss
270,YANMEGA,Yanmega,Bug,Flying,86,76,86,116,56,95,Speed Boost,Tinted Lens,Frisk,Yan,mega
271,LEAFEON,Leafeon,Grass,Grass,65,110,130,60,65,95,Leaf Guard,,Chlorophyll,Leaf,feon
272,GLACEON,Glaceon,Ice,Ice,65,60,110,130,95,65,Snow Cloak,,Ice Body,Glace,ceon
273,GLISCOR,Gliscor,Ground,Flying,75,95,125,45,75,95,Hyper Cutter,Sand Veil,Poison Heal,Glis,cor
274,MAMOSWINE,Mamoswine,Ice,Ground,110,130,80,70,60,80,Oblivious,Snow Cloak,Thick Fat,Mamo,swine
275,PORYGONZ,Porygon-Z,Normal,Normal,85,80,70,135,75,90,Adaptability,Download,Analytic,Pory,gon-Z
276,TREECKO,Treecko,Grass,Grass,40,45,35,65,55,70,Overgrow,,Unburden,Tree,cko
277,GROVYLE,Grovyle,Grass,Grass,50,65,45,85,65,95,Overgrow,,Unburden,Gro,vyle
278,SCEPTILE,Sceptile,Grass,Grass,70,85,65,105,85,120,Overgrow,,Unburden,Scep,tile
279,TORCHIC,Torchic,Fire,Fire,45,60,40,70,50,45,Blaze,,Speed Boost,Torch,chic
280,COMBUSKEN,Combusken,Fire,Fighting,60,85,60,85,60,55,Blaze,,Speed Boost,Com,busken
281,BLAZIKEN,Blaziken,Fire,Fighting,80,120,70,110,70,80,Blaze,,Speed Boost,Bla,ziken
282,MUDKIP,Mudkip,Water,Water,50,70,50,50,50,40,Torrent,,Damp,Mud,kip
283,MARSHTOMP,Marshtomp,Water,Ground,70,85,70,60,70,50,Torrent,,Damp,Marsh,tomp
284,SWAMPERT,Swampert,Water,Ground,100,110,90,85,90,60,Torrent,,Damp,Swamp,pert
285,RALTS,Ralts,Psychic,Fairy,28,25,25,45,35,40,Synchronize,Trace,Telepathy,Ral,ts
286,KIRLIA,Kirlia,Psychic,Fairy,38,35,35,65,55,50,Synchronize,Trace,Telepathy,Kir,lia
287,GARDEVOIR,Gardevoir,Psychic,Fairy,68,65,65,125,115,80,Synchronize,Trace,Telepathy,Garde,voir
288,GALLADE,Gallade,Psychic,Fighting,68,125,65,65,115,80,Steadfast,,Justified,Gall,lade
289,SHEDINJA,Shedinja,Bug,Ghost,1,90,45,30,30,40,Wonder Guard,,Wonder Guard,Shed,inja
290,KECLEON,Kecleon,Normal,Normal,60,90,70,60,120,40,Color Change,,Protean,Kec,eon
291,BELDUM,Beldum,Steel,Psychic,40,55,80,35,60,30,Clear Body,,Light Metal,Bel,dum
292,METANG,Metang,Steel,Psychic,60,75,100,55,80,50,Clear Body,,Light Metal,Met,tang
293,METAGROSS,Metagross,Steel,Psychic,80,135,130,95,90,70,Clear Body,,Light Metal,Meta,gross
294,BIDOOF,Bidoof,Normal,Normal,59,45,40,35,40,31,Simple,Unaware,Moody,Bi,doof
295,SPIRITOMB,Spiritomb,Dark,Ghost,50,92,108,92,108,35,Pressure,,Infiltrator,Spiri,tomb
296,LUCARIO,Lucario,Fighting,Steel,70,110,70,115,70,90,Steadfast,Inner Focus,Justified,Luca,cario
297,GIBLE,Gible,Dragon,Ground,58,70,45,40,45,42,Sand Veil,,Rough Skin,Gib,ble
298,GABITE,Gabite,Dragon,Ground,68,90,65,50,55,82,Sand Veil,,Rough Skin,Gab,bite
299,GARCHOMP,Garchomp,Dragon,Ground,108,130,95,80,85,102,Sand Veil,,Rough Skin,Gar,chomp
300,MAWILE,Mawile,Steel,Fairy,50,85,85,55,55,50,Hyper Cutter,Intimidate,Sheer Force,Maw,wile
301,LILEEP,Lileep,Rock,Grass,66,41,77,61,87,23,Suction Cups,,Storm Drain,Lil,leep
302,CRADILY,Cradily,Rock,Grass,86,81,97,81,107,43,Suction Cups,,Storm Drain,Crad,dily
303,ANORITH,Anorith,Rock,Bug,45,95,50,40,50,75,Battle Armor,,Swift Swim,Ano,rith
304,ARMALDO,Armaldo,Rock,Bug,75,125,100,70,80,45,Battle Armor,,Swift Swim,Arm,aldo
305,CRANIDOS,Cranidos,Rock,Rock,67,125,40,30,30,58,Mold Breaker,,Sheer Force,Cran,idos
306,RAMPARDOS,Rampardos,Rock,Rock,97,165,60,65,50,58,Mold Breaker,,Sheer Force,Ram,pardos
307,SHIELDON,Shieldon,Rock,Steel,30,42,118,42,88,30,Sturdy,,Soundproof,Shiel,don
308,BASTIODON,Bastiodon,Rock,Steel,60,52,168,47,138,30,Sturdy,,Soundproof,Bastio,don
309,SLAKING,Slaking,Normal,Normal,150,160,100,95,65,100,Truant,,Truant,Sla,king
310,ABSOL,Absol,Dark,Dark,65,130,60,75,60,75,Super Luck,Pressure,Justified,Ab,sol
311,DUSKULL,Duskull,Ghost,Ghost,20,40,90,30,90,25,Levitate,,Frisk,Dus,skull
312,DUSCLOPS,Dusclops,Ghost,Ghost,40,70,130,60,130,25,Pressure,,Frisk,Dusc,clops
313,DUSKNOIR,Dusknoir,Ghost,Ghost,45,100,135,65,135,45,Pressure,,Frisk,Dusk,noir
314,WAILORD,Wailord,Water,Water,170,90,45,90,45,60,Water Veil,Oblivious,Pressure,Wail,lord
315,ARCEUS,Arceus,Normal,Normal,120,120,120,120,120,120,Multitype,,Multitype,Arc,ceus
316,TURTWIG,Turtwig,Grass,Grass,55,68,64,45,55,31,Overgrow,,Shell Armor,Tur,twig
317,GROTLE,Grotle,Grass,Grass,75,89,85,55,65,36,Overgrow,,Shell Armor,Gro,tle
318,TORTERRA,Torterra,Grass,Ground,95,109,105,75,85,56,Overgrow,,Shell Armor,Tor,terra
319,CHIMCHAR,Chimchar,Fire,Fire,44,58,44,58,44,61,Blaze,,Iron Fist,Chim,char
320,MONFERNO,Monferno,Fire,Fighting,64,78,52,78,52,81,Blaze,,Iron Fist,Mon,ferno
321,INFERNAPE,Infernape,Fire,Fighting,76,104,71,104,71,108,Blaze,,Iron Fist,Infer,nape
322,PIPLUP,Piplup,Water,Water,53,51,53,61,56,40,Torrent,,Defiant,Pip,lup
323,PRINPLUP,Prinplup,Water,Water,64,66,68,81,76,50,Torrent,,Defiant,Prin,plup
324,EMPOLEON,Empoleon,Water,Steel,84,86,88,111,101,60,Torrent,,Defiant,Empo,leon
325,NOSEPASS,Nosepass,Rock,Rock,30,45,135,45,90,30,Sturdy,Magnet Pull,Sand Force,Nose,pass
326,PROBOPASS,Probopass,Rock,Steel,60,55,145,75,150,40,Sturdy,Magnet Pull,Sand Force,Probo,pass
327,HONEDGE,Honedge,Steel,Ghost,45,80,100,35,37,28,No Guard,,No Guard,Hon,edge
328,DOUBLADE,Doublade,Steel,Ghost,59,110,150,45,49,35,No Guard,,No Guard,Doub,blade
329,AEGISLASH,Aegislash,Steel,Ghost,60,50,150,50,150,60,Stance Change,,Stance Change,Aegi,slash
330,PAWNIARD,Pawniard,Dark,Steel,45,85,70,40,40,60,Defiant,Inner Focus,Pressure,Pawn,iard
331,BISHARP,Bisharp,Dark,Steel,65,125,100,60,70,70,Defiant,Inner Focus,Pressure,Bi,sharp
332,LUXRAY,Luxray,Electric,Electric,80,120,79,95,79,70,Rivalry,Intimidate,Guts,Lux,ray
333,AGGRON,Aggron,Steel,Rock,70,110,180,60,60,50,Sturdy,Rock Head,Heavy Metal,Agg,gron
334,FLYGON,Flygon,Ground,Dragon,80,100,80,80,80,100,Levitate,,Dry Skin,Fly,gon
335,MILOTIC,Milotic,Water,Water,95,60,79,100,125,81,Marvel Scale,,Cute Charm,Milo,tic
336,SALAMENCE,Salamence,Dragon,Flying,95,135,80,110,80,100,Intimidate,,Moxie,Sala,mence
337,KLINKLANG,Klinklang,Steel,Steel,60,100,115,70,85,90,Plus,Minus,Clear Body,Klink,klang
338,ZOROARK,Zoroark,Dark,Dark,60,105,60,120,60,105,Illusion,,Illusion,Zoro,ark
339,SYLVEON,Sylveon,Fairy,Fairy,95,65,65,110,130,60,Cute Charm,Cute Charm,Pixilate,Syl,veon
340,KYOGRE,Kyogre,Water,Water,100,100,90,150,140,90,Drizzle,,Drizzle,Kyo,ogre
341,GROUDON,Groudon,Ground,Ground,100,150,140,100,90,90,Drought,,Drought,Grou,don
342,RAYQUAZA,Rayquaza,Dragon,Flying,105,150,90,150,90,95,Air Lock,,Air Lock,Ray,quaza
343,DIALGA,Dialga,Steel,Dragon,100,120,120,150,100,90,Pressure,,Telepathy,Dial,alga
344,PALKIA,Palkia,Water,Dragon,90,120,100,150,120,100,Pressure,,Telepathy,Palk,kia
345,GIRATINA,Giratina,Ghost,Dragon,150,100,120,100,120,90,Pressure,,Telepathy,Gira,tina
346,REGIGIGAS,Regigigas,Normal,Normal,110,160,110,80,110,100,Slow Start,,Mold Breaker,Regi,gigas
347,DARKRAI,Darkrai,Dark,Dark,70,90,90,135,90,125,Bad Dreams,,White Smoke,Dark,rai
348,GENESECT,Genesect,Bug,Steel,71,120,95,120,95,99,Download,,Motor Drive,Gene,esect
349,RESHIRAM,Reshiram,Dragon,Fire,100,120,100,150,120,90,Turboblaze,,Flare Boost,Reshi,ram
350,ZEKROM,Zekrom,Dragon,Electric,100,150,120,120,100,90,Teravolt,,Volt Absorb,Zek,rom
351,KYUREM,Kyurem,Dragon,Ice,125,130,90,130,90,95,Pressure,,Ice Body,Kyu,rem
352,ROSERADE,Roserade,Grass,Poison,60,70,55,125,105,90,Natural Cure,Poison Point,Technician,Rose,rade
353,DRIFBLIM,Drifblim,Ghost,Flying,150,80,44,90,54,80,Aftermath,Unburden,Flare Boost,Drifb,blim
354,LOPUNNY,Lopunny,Normal,Normal,65,76,84,54,96,105,Cute Charm,Klutz,Limber,Lop,punny
355,BRELOOM,Breloom,Grass,Fighting,60,130,80,60,60,70,Effect Spore,Poison Heal,Technician,Bre,loom
356,NINJASK,Ninjask,Bug,Flying,61,90,45,50,50,160,Speed Boost,,Infiltrator,Nin,jask
357,BANETTE,Banette,Ghost,Ghost,64,115,65,83,63,65,Insomnia,Frisk,Cursed Body,Ban,nette
358,ROTOM,Rotom,Electric,Ghost,50,50,77,95,77,91,Levitate,,Levitate,Ro,tom
359,REUNICLUS,Reuniclus,Psychic,Psychic,110,65,75,125,85,30,Overcoat,Magic Guard,Regenerator,Reuni,niclus
360,WHIMSICOTT,Whimsicott,Grass,Fairy,60,67,85,77,75,116,Prankster,Infiltrator,Chlorophyll,Whimsi,cott
361,KROOKODILE,Krookodile,Ground,Dark,95,117,70,65,70,92,Intimidate,Moxie,Anger Point,Krooko,dile
362,COFAGRIGUS,Cofagrigus,Ghost,Ghost,58,50,145,95,105,30,Mummy,,Mummy,Cofa,grigus
363,GALVANTULA,Galvantula,Bug,Electric,70,77,60,97,60,108,Compound Eyes,Unnerve,Swarm,Galvan,tula
364,FERROTHORN,Ferrothorn,Steel,Grass,74,94,131,54,116,20,Iron Barbs,,Iron Barbs,Ferro,thorn
365,LITWICK,Litwick,Ghost,Fire,50,30,55,65,55,20,Flash Fire,Flame Body,Shadow Tag,Lit,wick
366,LAMPENT,Lampent,Ghost,Fire,60,40,60,95,60,55,Flash Fire,Flame Body,Shadow Tag,Lamp,pent
367,CHANDELURE,Chandelure,Ghost,Fire,60,55,90,145,90,80,Flash Fire,Flame Body,Shadow Tag,Chandel,lure
368,HAXORUS,Haxorus,Dragon,Dragon,76,147,90,60,70,97,Rivalry,Mold Breaker,Unnerve,Hax,xorus
369,GOLURK,Golurk,Ground,Ghost,89,124,80,55,80,55,Iron Fist,Klutz,No Guard,Golu,lurk
370,PYUKUMUKU,Pyukumuku,Water,Water,55,60,130,30,130,5,Innards Out,,Unaware,Pyuku,muku
371,KLEFKI,Klefki,Steel,Fairy,57,80,91,80,87,75,Prankster,,Magician,Klef,ki
372,TALONFLAME,Talonflame,Fire,Flying,78,81,71,74,69,126,Big Pecks,,Gale Wings,Talon,flame
373,MIMIKYU,Mimikyu,Ghost,Fairy,55,90,80,50,105,96,Disguise,,Disguise,Mimi,kyu
374,VOLCARONA,Volcarona,Bug,Fire,85,60,65,135,105,100,Flame Body,,Swarm,Volca,rona
375,DEINO,Deino,Dark,Dragon,52,65,50,45,50,38,Hustle,,Hustle,Dei,no
376,ZWEILOUS,Zweilous,Dark,Dragon,72,85,70,65,70,58,Hustle,,Hustle,Zwei,lous
377,HYDREIGON,Hydreigon,Dark,Dragon,92,105,90,125,90,98,Levitate,,Hustle,Hy,dreigon
378,LATIAS,Latias,Dragon,Psychic,80,80,90,110,130,110,Levitate,,Levitate,La,tias
379,LATIOS,Latios,Dragon,Psychic,80,90,80,130,110,110,Levitate,,Levitate,La,tios
380,DEOXYS,Deoxys,Psychic,Psychic,50,150,50,150,50,150,Pressure,,Pressure,Deo,xys
381,JIRACHI,Jirachi,Steel,Psychic,100,100,100,100,100,100,Serene Grace,,Serene Grace,Ji,rachi
382,NINCADA,Nincada,Bug,Ground,31,45,90,30,30,40,Compound Eyes,,Run Away,Nin,cada
383,BIBAREL,Bibarel,Normal,Water,79,85,60,55,60,71,Simple,Unaware,Moody,Bi,barel
384,RIOLU,Riolu,Fighting,Fighting,40,70,40,35,40,60,Steadfast,Inner Focus,Prankster,Rio,olu
385,SLAKOTH,Slakoth,Normal,Normal,60,60,60,35,35,30,Truant,,Truant,Sla,koth
386,VIGOROTH,Vigoroth,Normal,Normal,80,80,80,55,55,90,Vital Spirit,,Vital Spirit,Vigo,roth
387,WAILMER,Wailmer,Water,Water,130,70,35,70,35,60,Water Veil,Oblivious,Pressure,Wail,mer
388,SHINX,Shinx,Electric,Electric,45,65,34,40,34,45,Rivalry,Intimidate,Guts,Shi,nx
389,LUXIO,Luxio,Electric,Electric,60,85,49,60,49,60,Rivalry,Intimidate,Guts,Lu,xio
390,ARON,Aron,Steel,Rock,50,70,100,40,40,30,Sturdy,Rock Head,Heavy Metal,Ar,on
391,LAIRON,Lairon,Steel,Rock,60,90,140,50,50,40,Sturdy,Rock Head,Heavy Metal,Lair,ron
392,TRAPINCH,Trapinch,Ground,Ground,45,100,45,45,45,10,Hyper Cutter,Arena Trap,Sheer Force,Trap,inch
393,VIBRAVA,Vibrava,Ground,Dragon,50,70,50,50,50,70,Levitate,,Levitate,Vibra,va
394,FEEBAS,Feebas,Water,Water,20,15,20,10,55,80,Swift Swim,,Adaptability,Fee,bas
395,BAGON,Bagon,Dragon,Dragon,45,75,60,40,30,50,Rock Head,,Sheer Force,Ba,agon
396,SHELGON,Shelgon,Dragon,Dragon,65,95,100,60,50,50,Rock Head,,Overcoat,Shel,elgon
397,KLINK,Klink,Steel,Steel,40,55,70,45,60,30,Plus,Minus,Clear Body,Kli,ink
398,KLANG,Klang,Steel,Steel,60,80,95,70,85,50,Plus,Minus,Clear Body,Kla,ang
399,ZORUA,Zorua,Dark,Dark,40,65,40,80,40,65,Illusion,,Illusion,Zo,rua
400,BUDEW,Budew,Grass,Poison,40,30,35,50,70,55,Natural Cure,Poison Point,Leaf Guard,Bu,dew
401,ROSELIA,Roselia,Grass,Poison,50,60,45,100,80,65,Natural Cure,Poison Point,Leaf Guard,Rose,elia
402,DRIFLOON,Drifloon,Ghost,Flying,90,50,34,60,44,70,Aftermath,Unburden,Flare Boost,Drifl,loon
403,BUNEARY,Buneary,Normal,Normal,55,66,44,44,56,85,Run Away,Klutz,Limber,Bun,eary
404,SHROOMISH,Shroomish,Grass,Grass,60,40,60,40,60,35,Effect Spore,Poison Heal,Quick Feet,Shroom,ish
405,SHUPPET,Shuppet,Ghost,Ghost,44,75,35,63,33,45,Insomnia,Frisk,Cursed Body,Shup,pet
406,SOLOSIS,Solosis,Psychic,Psychic,45,30,40,105,50,20,Overcoat,Magic Guard,Regenerator,Solo,sis
407,DUOSION,Duosion,Psychic,Psychic,65,40,50,125,60,30,Overcoat,Magic Guard,Regenerator,Duo,sion
408,COTTONEE,Cottonee,Grass,Fairy,40,27,60,37,50,66,Prankster,Infiltrator,Chlorophyll,Cotton,onee
409,SANDILE,Sandile,Ground,Dark,50,72,35,35,35,65,Intimidate,Moxie,Anger Point,Sandi,ile
410,KROKOROK,Krokorok,Ground,Dark,60,82,45,45,45,74,Intimidate,Moxie,Anger Point,Kroko,rok
411,YAMASK,Yamask,Ghost,Ghost,38,30,85,55,65,30,Mummy,,Mummy,Ya,mask
412,JOLTIK,Joltik,Bug,Electric,50,47,50,57,50,65,Compound Eyes,Unnerve,Swarm,Jol,tik
413,FERROSEED,Ferroseed,Steel,Grass,44,50,91,24,86,10,Iron Barbs,,Iron Barbs,Ferro,seed
414,AXEW,Axew,Dragon,Dragon,46,87,60,30,40,57,Rivalry,Mold Breaker,Unnerve,Axe,xew
415,FRAXURE,Fraxure,Dragon,Dragon,66,117,70,40,50,67,Rivalry,Mold Breaker,Unnerve,Frax,xure
416,GOLETT,Golett,Ground,Ghost,59,74,50,35,50,35,Iron Fist,Klutz,No Guard,Gole,olett
417,FLETCHLING,Fletchling,Normal,Flying,45,50,43,40,38,62,Big Pecks,,Gale Wings,Fletch,ling
418,FLETCHINDER,Fletchinder,Fire,Flying,62,73,55,56,52,84,Flame Body,,Gale Wings,Fletch,inder
419,LARVESTA,Larvesta,Bug,Fire,55,85,55,50,55,60,Flame Body,,Swarm,Larv,esta
420,STUNFISK,Stunfisk,Ground,Electric,109,66,84,81,99,32,Static,Limber,Sand Veil,Stun,fisk
421,SABLEYE,Sableye,Dark,Ghost,50,75,75,65,65,50,Keen Eye,Stall,Prankster,Sabl,eye
422,VENIPEDE,Venipede,Bug,Poison,30,45,59,30,39,57,Poison Point,Swarm,Speed Boost,Veni,pede
423,WHIRLIPEDE,Whirlipede,Bug,Poison,40,55,99,40,79,47,Poison Point,Swarm,Speed Boost,Whirli,pede
424,SCOLIPEDE,Scolipede,Bug,Poison,60,100,89,55,69,112,Poison Point,Swarm,Speed Boost,Scoli,pede
425,TYRUNT,Tyrunt,Rock,Dragon,58,89,77,45,45,48,Strong Jaw,,Sturdy,Ty,runt
426,TYRANTRUM,Tyrantrum,Rock,Dragon,82,121,119,69,59,71,Strong Jaw,,Rock Head,Tyran,trum
427,SNORUNT,Snorunt,Ice,Ice,50,50,50,50,50,50,Inner Focus,Ice Body,Moody,Sno,runt
428,GLALIE,Glalie,Ice,Ice,80,80,80,80,80,80,Inner Focus,Ice Body,Moody,Gla,lie
429,FROSLASS,Froslass,Ice,Ghost,70,80,70,80,70,110,Snow Cloak,,Cursed Body,Fros,lass
430,ORICORIO_1,Oricorio,Fire,Flying,75,70,70,98,70,93,Dancer,,,Ori,corio
431,ORICORIO_2,Oricorio,Electric,Flying,75,70,70,98,70,93,Dancer,,,Ori,corio
432,ORICORIO_3,Oricorio,Psychic,Flying,75,70,70,98,70,93,Dancer,,,Ori,corio
433,ORICORIO_4,Oricorio,Ghost,Flying,75,70,70,98,70,93,Dancer,,,Ori,corio
434,TRUBBISH,Trubbish,Poison,Poison,50,50,62,40,62,65,Stench,Sticky Hold,Aftermath,Trub,bish
435,GARBODOR,Garbodor,Poison,Poison,80,95,82,60,82,75,Stench,Weak Armor,Aftermath,Garb,odor
436,CARVANHA,Carvanha,Water,Dark,45,90,20,65,20,65,Rough Skin,,Speed Boost,Car,vanha
437,SHARPEDO,Sharpedo,Water,Dark,70,120,40,95,40,95,Rough Skin,,Speed Boost,Sharp,edo
438,PHANTUMP,Phantump,Grass,Ghost,43,70,48,50,60,38,Natural Cure,Frisk,Harvest,Phant,tump
439,TREVENANT,Trevenant,Grass,Ghost,85,110,76,65,82,56,Natural Cure,Frisk,Harvest,Tre,venant
440,NOIBAT,Noibat,Flying,Dragon,40,30,35,45,40,55,Frisk,Infiltrator,Telepathy,Noi,bat
441,NOIVERN,Noivern,Flying,Dragon,85,70,80,97,80,123,Frisk,Infiltrator,Telepathy,Noi,vern
442,SWABLU,Swablu,Normal,Flying,45,40,60,40,75,50,Natural Cure,,Cloud Nine,Swab,lu
443,ALTARIA,Altaria,Dragon,Flying,75,70,90,70,105,80,Natural Cure,,Cloud Nine,Alta,ria
444,GOOMY,Goomy,Dragon,Dragon,45,50,35,55,75,40,Sap Sipper,Hydration,Gooey,Goo,my
445,SLIGGOO,Sliggoo,Dragon,Dragon,68,75,53,83,113,60,Sap Sipper,Hydration,Gooey,Sli,goo
446,GOODRA,Goodra,Dragon,Dragon,90,100,70,110,150,80,Sap Sipper,Hydration,Gooey,Goo,dra
447,REGIROCK,Regirock,Rock,Rock,80,100,200,50,100,50,Clear Body,,Sturdy,Regi,rock
448,REGICE,Regice,Ice,Ice,80,50,100,100,200,50,Clear Body,,Ice Body,Regi,ice
449,REGISTEEL,Registeel,Steel,Steel,80,75,150,75,150,50,Clear Body,,Light Metal,Regi,steel
450,NECROZMA,Necrozma,Psychic,Psychic,97,107,101,127,89,79,Prism Armor,,,Necro,zma
451,STUFFUL,Stufful,Normal,Fighting,70,75,50,45,50,50,Fluffy,Klutz,Cute Charm,Stuff,ful
452,BEWEAR,Bewear,Normal,Fighting,120,125,80,55,60,60,Fluffy,Klutz,Unnerve,Be,wear
453,DHELMISE,Dhelmise,Ghost,Grass,70,131,100,86,90,40,Steelworker,,,Dhel,mise
454,MAREANIE,Mareanie,Poison,Water,50,53,62,43,52,45,Merciless,Limber,Regenerator,Mar,eanie
455,TOXAPEX,Toxapex,Poison,Water,50,63,152,53,142,35,Merciless,Limber,Regenerator,Tox,apex
456,HAWLUCHA,Hawlucha,Fighting,Flying,78,92,75,74,63,118,Limber,Unburden,Mold Breaker,Hawl,lucha
457,CACNEA,Cacnea,Grass,Grass,50,85,40,85,40,35,Sand Veil,,Water Absorb,Cac,nea
458,CACTURNE,Cacturne,Grass,Dark,70,115,60,115,60,55,Sand Veil,,Water Absorb,Cact,turne
459,SANDYGAST,Sandygast,Ground,Ghost,55,55,80,70,45,15,Water Compaction,,Sand Veil,Sandy,gast
460,PALOSSAND,Palossand,Ground,Ghost,85,75,110,100,75,35,Water Compaction,,Sand Veil,Palo,sand
461,AMAURA,Amaura,Rock,Ice,77,59,50,67,63,46,Refrigerate,,Snow Warning,Ama,aura
462,AURORUS,Aurorus,Rock,Ice,123,77,72,99,92,58,Refrigerate,,Snow Warning,Auro,rorus
463,ROCKRUFF,Rockruff,Rock,Rock,45,65,40,30,40,60,Keen Eye,Vital Spirit,Steadfast,Rock,ruff
464,LYCANROC_D,Lycanroc,Rock,Rock,75,115,65,55,65,112,Keen Eye,Sand Rush,Steadfast,Lycan,roc
465,LYCANROC_N,Lycanroc,Rock,Rock,85,115,75,55,75,82,Keen Eye,Vital Spirit,No Guard,Lycan,roc
466,MELOETTA_A,Meloetta,Normal,Psychic,100,77,77,128,128,90,Serene Grace,,,Melo,etta
467,MELOETTA_P,Meloetta,Normal,Fighting,100,128,90,77,77,128,Serene Grace,,,Melo,etta
468,CRESSELIA,Cresselia,Psychic,Psychic,120,70,120,75,130,85,Levitate,,,Cress,selia
469,BRUXISH,Bruxish,Water,Psychic,68,105,70,70,70,92,Dazzling,Strong Jaw,Wonder Skin,Brux,ish
470,U_NECROZMA,Necrozma,Psychic,Dragon,97,167,97,167,97,129,Neuroforce,,,Necro,zma
471,JANGMOO,Jangmo-o,Dragon,Dragon,45,55,65,45,45,45,Bulletproof,Soundproof,Overcoat,Jang,mo-o
472,HAKAMOO,Hakamo-o,Dragon,Fighting,55,75,90,65,70,65,Bulletproof,Soundproof,Overcoat,Haka,mo-o
473,KOMMOO,Kommo-o,Dragon,Fighting,75,110,125,100,105,85,Bulletproof,Soundproof,Overcoat,Kom,mo-o
474,WIMPOD,Wimpod,Bug,Water,25,35,40,20,30,80,Wimp Out,,,Wim,pod
475,GOLISOPOD,Golisopod,Bug,Water,75,125,140,60,90,40,Emergency Exit,,,Goli,sopod
476,FOMANTIS,Fomantis,Grass,Grass,40,55,35,50,35,35,Leaf Guard,,Contrary,Fo,mantis
477,LURANTIS,Lurantis,Grass,Grass,70,105,90,80,90,45,Leaf Guard,,Contrary,Lu,rantis
478,CARBINK,Carbink,Rock,Fairy,50,50,150,50,150,50,Clear Body,,Sturdy,Car,bink
479,CHESPIN,Chespin,Grass,Grass,56,61,65,48,45,38,Overgrow,,Bulletproof,Ches,pin
480,QUILLADIN,Quilladin,Grass,Grass,61,78,95,56,58,57,Overgrow,,Bulletproof,Quil,ladin
481,CHESNAUGHT,Chesnaught,Grass,Fighting,88,107,122,74,75,64,Overgrow,,Bulletproof,Ches,naught
482,FENNEKIN,Fennekin,Fire,Fire,40,45,40,62,60,60,Blaze,,Magician,Fenne,kin
483,BRAIXEN,Braixen,Fire,Fire,59,59,58,90,70,73,Blaze,,Magician,Brai,xen
484,DELPHOX,Delphox,Fire,Psychic,75,69,72,114,100,104,Blaze,,Magician,Del,phox
485,FROAKIE,Froakie,Water,Water,41,56,40,62,44,71,Torrent,,Protean,Froa,kie
486,FROGADIER,Frogadier,Water,Water,54,63,52,83,56,97,Torrent,,Protean,Frog,adier
487,GRENINJA,Greninja,Water,Dark,72,95,67,103,71,122,Torrent,,Protean,Gre,ninja
488,TORKOAL,Torkoal,Fire,Fire,70,85,140,85,70,20,White Smoke,Drought,Shell Armor,Tor,koal
489,PUMPKABOO,Pumpkaboo,Ghost,Grass,44,66,70,44,55,56,Pickup,Frisk,,Pump,kaboo
490,GOURGEIST,Gourgeist,Ghost,Grass,65,90,122,58,75,84,Pickup,Frisk,,Gour,geist
491,SWIRLIX,Swirlix,Fairy,Fairy,62,48,66,59,57,49,Sweet Veil,,Unburden,Swir,lix
492,SLURPUFF,Slurpuff,Fairy,Fairy,82,80,86,85,75,72,Sweet Veil,,Unburden,Slur,puff
493,SCRAGGY,Scraggy,Dark,Fighting,50,75,70,35,70,48,Shed Skin,Moxie,Intimidate,Scra,ggy
494,SCRAFTY,Scrafty,Dark,Fighting,65,90,115,45,115,58,Shed Skin,Moxie,Intimidate,Scraf,ty
495,LOTAD,Lotad,Water,Grass,40,30,30,40,50,30,Swift Swim,Rain Dish,Own Tempo,Lo,tad
496,LOMBRE,Lombre,Water,Grass,60,50,50,60,70,50,Swift Swim,Rain Dish,Own Tempo,Lom,bre
497,LUDICOLO,Ludicolo,Water,Grass,80,70,70,90,100,70,Swift Swim,Rain Dish,Own Tempo,Ludi,colo
498,MINIOR_M,Minior,Rock,Flying,60,60,100,60,100,60,Shields Down,,,Mini,or
499,MINIOR_C,Minior,Rock,Flying,60,100,60,100,60,120,Shields Down,,,Mini,or
500,DIANCIE,Diancie,Rock,Fairy,50,100,150,100,150,50,Clear Body,,,Dian,cie
501,LUVDISC,Luvdisc,Water,Water,43,30,55,40,65,97,Swift Swim,,Hydration,Luv,disc
